{
    "students": [
        {
            "name": "Γιώργος Παπαδόπουλος",
            "age": 22,
            "department": "Πληροφορική"
        },
        {
            "name": "Μαρία Νικολάου",
            "age": 20,
            "department": "Ηλεκτρολόγων Μηχανικών"
        },
        {
            "name": "Ιωάννα Σπύρου",
            "age": 21,
            "department": "Φυσικής"
        },
        {
            "name": "Στέλιος Νίκου",
            "age": 23,
            "department": "Φυσικής"
        },
        {
            "name": "Πέτρος Μπάμπης",
            "age": 23,
            "department": "Φυσικής"
        }
    ]
}